ID,seq
CTRL_HEKsiteNO18,ACACACACACTTAGAATCTG
CTRL_RSF1NO2,ACCCATTAAAGTTGAGGTGA
CTRL_EMX1NO2,AGATTTATGCAAACGGGTTG
CTRL_FANCFNO3,AGCGGCGGCTGCACAACCAG
CTRL_FANCFNO5,AGGCCCGGCGCACGGTGGCG
CTRL_TARDBPNO2,CGGGAGTTCTTCTCTCAGTA
CTRL_HEKsiteNO1,GAACACAAAGCATAGACTGC
CTRL_HEKsiteNO9,GAAGACCAAGGATAGACTGC
CTRL_HEKsiteNO2,GAGTATGAGGCATAGACTGC
CTRL_EMX1NO1,GAGTCCGAGCAGAAGAAGAA
HEKsite7LV,GATATTGATACAAAATGGGG
CTRL_HEKsiteNO11,GGACAGGCAGCATAGACTGT
CTRL_HEKsiteNO14,GGCTAAAGACCATAGACTGT
CTRL_HEKsiteNO8,GTAAACAAAGCATAGACTGA
CTRL_HEKsiteNO3,GTCAAGAAAGCAGAGACTGC
CTRL_DOCK3NO2,TAAGACTGAACAAGAATGGT
CTRL_ZNF212NO1,TGCACCTGGCATCAACACGG
CTRL_NEK1NO2,TGGCTCTCTCTACATAGTAA